<configuration>
    <!-- Console appender -->
    <appender name="console" class="ch.qos.logback.core.ConsoleAppender">
        <encoder>
            <pattern>%d{yyyy-MM-dd HH:mm:ss.SSS} %-5level %logger{36} - %msg%n</pattern>
        </encoder>
    </appender>

    <!-- File appender -->
    <appender name="file" class="ch.qos.logback.core.FileAppender">
        <file>C:/Users/tsant/IdeaProjects/SpringJava/Ecommercewebsite/log/file.log</file>
        <encoder>
            <pattern>%d{yyyy-MM-dd HH:mm:ss.SSS} %-5level %logger{36} - %msg%n</pattern>
        </encoder>
    </appender>

    <!-- Root logger -->
    <root level="info">
        <appender-ref ref="console" />
        <appender-ref ref="file" />
    </root>
</configuration>